,questions,answers,generated_answers,abstracted_answers,extracted_answers,finetuned_answers,pretrained_answers
1,How would you add a static IP to a Linux machine?,"You can add a static IP to a Linux machine by editing the /etc/network/interfaces file, then adding the configuration for the static IP, including address, netmask, and gateway.","To add a static IP to a Linux machine, you will need to configure the IP address of the machine. You will need to configure the IP address by setting the IP address to the IP address of the host you are running on.",sudo ip link del wg0 osxwindows,this guide will walk you through getting your first devices connected via nexodus install and start the nexodus agent fedora centos stream supported versions fedora 38 x86_64 aarch64 centos stream 9 x86_64 aarch64 sh enable the copr repository and install the nexodus package sudo dnf copr enable russellbnexodus sudo dnf install nexodus start the nexodus service and set it to automatically start on boot sudo systemctl start nexodus sudo systemctl enable nexodus  edit etcsysconfignexodus if you plan to use a nexodus service other than httpstrynexodusio query the status of nexd and follow the instructions to register your device sh sudo nexctl nexd status brew for mac you can install the nexodus agent via homebrew sh brew tap nexodusionexodus brew install nexodus to start the nexd agent and also have it start automatically on boot run sh sudo brew services start nexodus,"Any number of addresses you have will have a static IP, so a static number won't be static.",There would be one /usr/bin/env /usr/bin/env/env and the same code in a /usr/bin/env/openv/env/usr/bin/env/bin/env/bin/env/bin/env/bin/env/bin/env/bin/env/bin/env/bin/env/bin/env/bin/env/bin/env/bin/env/bin/env/bin/env/bin/env/bin/env/bin/env/bin/env/bin/env/bin/env/bin/env/bin/env/bin/env/bin/env/bin/env/bin/env/bin/env/bin/env/bin/env/bin/env/bin/env/bin/env/bin/env/bin/env/bin/env/bin/env/bin/env/bin/env/bin/env/bin/env/bin/env/bin/env/bin/env/bin/env/bin/env/bin/env/bin/env/bin/env/bin/env/bin/env/bin/env/bin/env/bin/env/bin/env/bin/env/bin/env/bin/env/bin/env/bin/env/bin/env/bin/env/bin/env/bin/env/bin/env/bin/env/bin/env/bin/env/bin/env/bin/env/bin/env/bin/env/bin/env/bin/env/bin/env/bin/env/bin/env/bin/env/bin/env/bin/env/bin/env/bin/env/bin/env/bin/env/bin/env/min/env/bin/env/bin/env/bin/env/bin/env/bin/env/bin/env/bin/env/bin/Env/bin/env/bin/env/bin/env/bin/env/bin/env/bin/enter_html).
2,What is WireGuard?,"WireGuard is an open-source VPN solution that uses state-of-the-art cryptography. It aims to be faster, simpler, leaner, and more useful than other VPN protocols, and it is designed for ease of implementation in very few lines of code.","WireGuard is a software application that protects data from malicious attacks. It is designed to protect data from malicious attacks, such as phishing and malware attacks. It is used to protect data from malicious actors, such as hackers",tunneling mode,relay node the relay needs to have v6 forwarding enabled on initialization enable it if it is not enabled next an ip6tables rules are added to forward traffic in and out of the driver interface for relay only spokes default org v6 prefix there is no cgnat equivalent for v6 proposals have been drafted and submitted to the ietf to use 2008 with no traction since that is the closest thing to a defacto we are using 20064 from that range for the initial organization range this is easily modified as it will be a constant and generally should not be hardcoded anywhere example output example output from the wireguard driver interface would look as follows shell  ip address show wg0 1443 wg0 pointopointnoarpuplower_up mtu 1420 qdisc noqueue state unknown group default qlen 1000,WireGuard (Internet protocol),Data protection software
14,What is the purpose of the `/etc/resolv.conf` file in Linux?,The `/etc/resolv.conf` file is used to configure DNS clients. It specifies the IP addresses of DNS servers and the search domain.,The /etc/resolv.conf file in Linux is used to configure the network interfaces and configure the network settings. It is used to configure the network interfaces and configure the network settings. It is also used to configure,cross organization device sharing,in conclusion in the short term since we are not going to be running out of addresses soon we dont need an address space per organization  having a shared address space keeps our options open to implementing more interesting cross organization device sharing  and we can still in the future use multiple address spaces if we start running out of addresses alternatives considered keep things as they are and dont share by default  this would make sharing a device in an org or moving a device from one org to another harder references carriergrade nat,resolve,to store and reset your kernel
20,What is the purpose of the `ip` command in Linux?,"The `ip` command is a powerful tool for manipulating and managing IP networking in Linux. It can be used to display, modify, and control routing, devices, policy routing, and tunnels.","The ip command in Linux is used to connect to a remote host. It is used to send a packet to the host, which is then routed to the desired destination.",starting port range,        ipprotocol ipv4  proto         fromport   0             starting port range         toport     0             ending port range          ipranges are any v4 or v6 addresses supported types are the same as nftables such as          19216811 1921681024 192168110192168120           20030db800000000000000000000000020030db8ffffffffffffffffffffffff           20010db81337cafe64 fd00faceb00ccafe4 etc          essentially range xy cidr notation or individual addresses         ipranges   string       example default nftables table from the code above with comments inline all rules are applied only to the driver interface plaintext table inet nexodus   nftables table name     chain nexodusinbound   ingress chain name         type filter hook input priority filter policy accept  ingress chain policy,to initiate an Internet connection,tries to bring information back from a previous copy--even if the zipped copy data has been lost
21,How would you add a static IP to a Linux machine?,"You can add a static IP to a Linux machine by editing the network configuration file, typically found under /etc/sysconfig/network-scripts/ or /etc/network/interfaces, and adding the necessary configuration for the static IP, including address, netmask, and gateway.","To add a static IP to a Linux machine, you will need to configure the IP address of the machine. You will need to configure the IP address by setting the IP address to the IP address of the host you are running on.",sudo ip link del wg0 osxwindows,this guide will walk you through getting your first devices connected via nexodus install and start the nexodus agent fedora centos stream supported versions fedora 38 x86_64 aarch64 centos stream 9 x86_64 aarch64 sh enable the copr repository and install the nexodus package sudo dnf copr enable russellbnexodus sudo dnf install nexodus start the nexodus service and set it to automatically start on boot sudo systemctl start nexodus sudo systemctl enable nexodus  edit etcsysconfignexodus if you plan to use a nexodus service other than httpstrynexodusio query the status of nexd and follow the instructions to register your device sh sudo nexctl nexd status brew for mac you can install the nexodus agent via homebrew sh brew tap nexodusionexodus brew install nexodus to start the nexd agent and also have it start automatically on boot run sh sudo brew services start nexodus,"_NAT_INFO_SYSTEMS/Users/TurnOn: Open Directory: Control Panel: This is a command that should be executed through the User account. That option can be assigned to ""status "", depending on the location of the IP address. _NAT_OUTPUTS_BLOCK_IP: Sets the default path to the next IP address you assign a root. if not set.","On a Linux machine, you can add the following info: a username that is not associated with an IP address: You can add this by using an IP address: Username : Username = Username and password: You can add this information in any username: Username : Type: Username"
23,How would you install nftables on a Linux machine?,"Typically, you would use a package manager such as apt for Ubuntu. The command would be `sudo apt install nftables`.","To install nftables on a Linux machine, you will need to follow the steps below: 1. Download the nftables package from the nftables website. 2. Run the nftables installer",start nexd with sudo,introduction the goal of this design document is to outline the implementation of security groups security groups will contain a set of rules that specify allowed ports and protocols on the driver interface this will be managed using nftables and initially support linux devices only phased implementation phase i  default security group for organization this phase intends to work out the endtoend implementation of policy from the api down to each device to avoid making it harder than necessary the first phase will only allow a single security group per organization that is managed by the organization owner the default security group for an organization will be applied to all devices on startup,apk with sudo,This is a screenshot.
29,How can you verify if a port is open on your Linux system?,"You can use the `ss -tuln` command, which will list all open ports and the services that are using them.","To verify if a port is open on your Linux system, you can use the following command: ssh -p /dev/ssh /dev/ssh /dev/ssh",ip_protocol,        ip_protocol tcp from_port 80 to_port 80 ip_ranges 1921681124          ip_protocol udp from_port 3333 to_port 4444 ip_ranges 1921682124          ip_protocol udp from_port 1 to_port 59 ip_ranges 1921682124          ip_protocoltcpfrom_port22to_port29ip_ranges20030db800000000000000000000000020030db8ffffffffffffffffffffffff          ip_protocol udpip_ranges fd00faceb00ccafe1from_port 80to_port 90          ip_protocol tcpip_ranges fd00faceb00ccafe4          ip_protocol icmpv6ip_ranges 20010db81337cafe64          ip_protocol udp from_port 777 to_port 788           securitygroupidsecurity_group_id      organizationidorganization_id deleting a security group bash,"The port to which an open port is supposed to go into the port's address, and where the port is attached to the port to which it's supposed to be connected.","In Linux this mode, which looks like a button at the top of a terminal window, select ""Open Port"" and you should be able to see which ports are open for your Linux system."
37,How would you flush all rules from nftables?,You can use the `nft flush ruleset` command to remove all active rules.,"To flush all rules from nftables, you can use the following command: flush_rules(nftables) -l  ",just specifying the fields you want to update and leaving the rest out,rule deconfliction the deconfliction of userprovided rules is managed by nft lets look at the following example where a user defines a permit icmp6 any and an icmp6 20010db81337cafe64 the json would look as follows json        ip_protocol icmp     from_port 0     to_port 0     ip_ranges        20010db81337cafe64                ip_protocol icmp     from_port 0     to_port 0    the actual rule in nftables would only insert the lpm longest prefix match the resulting chain would look as follows plaintext table inet nexodus      chain nexodusinbound          type filter hook input priority filter policy accept,"Flush the game by using a l1 script. Then run the game using the command ""flush to flush"".","In the player account admin screen there is an option to flush the database, then use the menu in the same place (game database) to filter and flush it all right"
51,How do you configure WireGuard to route all traffic through the VPN?,"In the WireGuard configuration file, you would set `AllowedIPs` to `0.0.0.0/0`, `::/0` for the peer representing the VPN server.","WireGuard can be configured to route all traffic through the VPN by setting up a VPN connection with the VPN provider. This can be done by setting up a VPN connection with the provider, or by manually setting up the VPN connection",wireguard will open a default port 51820,relay node the relay needs to have v6 forwarding enabled on initialization enable it if it is not enabled next an ip6tables rules are added to forward traffic in and out of the driver interface for relay only spokes default org v6 prefix there is no cgnat equivalent for v6 proposals have been drafted and submitted to the ietf to use 2008 with no traction since that is the closest thing to a defacto we are using 20064 from that range for the initial organization range this is easily modified as it will be a constant and generally should not be hardcoded anywhere example output example output from the wireguard driver interface would look as follows shell  ip address show wg0 1443 wg0 pointopointnoarpuplower_up mtu 1420 qdisc noqueue state unknown group default qlen 1000,"To configure wireguard to route all traffic through the VPN, enter a user name and password, then click ""OK"". Click the ""Create a new username and password"" box, then click ""OK.""","Once Wi-Fi is enabled, an IP address is assigned to the router."
52,What is the purpose of the `AllowedIPs` setting in WireGuard's configuration?,`AllowedIPs` is a setting in WireGuard's configuration that determines which IP addresses will be routed through the VPN. It can be set to route all traffic or only traffic to specific IPs or subnets.,The Allowed IPs setting in WireGuard's configuration allows users to access restricted IP addresses. This setting allows users to access restricted IP addresses only when they are connected to a specific IP address. This setting is,we may want to force ipv4 or ipv6,default security group and rules inbound rules ultimately the default security group rules for inbound traffic by default drop all inbound traffic unless there is a match of traffic in an established state this match is referring to traffic that is part of an existing connection initiated by the device in phase i all inbound traffic will be allowed until a userfriendly mechanism to install rules in the ui or cli is complete outbound rules the agent will add a deny rule at the end of the egress chain only when an explicit allow rule is provisioned by the user,Enable encryption and ensure data integrity.,Allows all IP addresses from the dpi stream to the dpi
60,What is the role of the Network Interface Card (NIC) in a Linux machine?,The Network Interface Card (NIC) is a hardware component that allows a Linux machine to connect to a network. It receives and transmits data on the network.,"The Network Interface Card (NIC) is a component of a Linux machine that allows the system to communicate with other computers on the network. It is responsible for establishing connections to the operating system, allowing the system to access resources such",networking connectivity between nodes,nexodus provides l3 based connectivity between two endpoints these endpoints can be present across various administrative domains behind different networking environments example of these networking environments range from a node that is directly reachable from internet through a public ip address to a node sitting behind a symmetric nat and a firewall this document is an attempt to capture various connectivity scenarios that nexodus currently supports and share high level details about the internals that enable these connectivity scenarios nexodus currently enables the networking connectivity between nodes using wireguard architectural components there are three main high level architectural components that play a role in establishing the nexodus network connectivity nexodus apiserver nexodus control plane that provides various functionalities like device onboarding sharing device information among the devices etc,It connects to the network,It has a network interface card
63,What is the role of the `ifconfig` command in Linux networking?,"The `ifconfig` command is used to display or configure a network interface. It can show the status of the network interface, assign IP addresses, enable or disable a network interface, etc.","The ifconfig command is used to configure the network interfaces of a Linux system. It is used to configure the network interfaces of a system, such as the IP address, port, and network name. It also",supernet route since they are incapable of natt holepunching shell,        ipprotocol ipv4  proto         fromport   0             starting port range         toport     0             ending port range          ipranges are any v4 or v6 addresses supported types are the same as nftables such as          19216811 1921681024 192168110192168120           20030db800000000000000000000000020030db8ffffffffffffffffffffffff           20010db81337cafe64 fd00faceb00ccafe4 etc          essentially range xy cidr notation or individual addresses         ipranges   string       example default nftables table from the code above with comments inline all rules are applied only to the driver interface plaintext table inet nexodus   nftables table name     chain nexodusinbound   ingress chain name         type filter hook input priority filter policy accept  ingress chain policy,enables and configures a Network Service layer,The default configuration is to create one user account for each and every user in the network using ifconfig.
71,What is the `traceroute` command used for in Linux?,The `traceroute` command is used to trace the route that packets take to reach a network host. It shows the path that the packet takes from the source to the destination.,The traceroute command is used to trace a path from one location to another. It is used to find the current path and the current address of the destination. It can also be used to find the current path and the,stun servers,        ip_protocol tcp from_port 80 to_port 80 ip_ranges 1921681124          ip_protocol udp from_port 3333 to_port 4444 ip_ranges 1921682124          ip_protocol udp from_port 1 to_port 59 ip_ranges 1921682124          ip_protocoltcpfrom_port22to_port29ip_ranges20030db800000000000000000000000020030db8ffffffffffffffffffffffff          ip_protocol udpip_ranges fd00faceb00ccafe1from_port 80to_port 90          ip_protocol tcpip_ranges fd00faceb00ccafe4          ip_protocol icmpv6ip_ranges 20010db81337cafe64          ip_protocol udp from_port 777 to_port 788           securitygroupidsecurity_group_id      organizationidorganization_id deleting a security group bash,traceroute,for Internet proxing on Linux
74,What is the purpose of the `tcpdump` command in Linux?,The `tcpdump` command is a command-line packet analyzer. It allows the user to display TCP/IP and other packets being transmitted or received over a network.,The tcpdump command in Linux is used to dump the IP address of a host. It is used to analyze the IP address of a host and determine the IP address of the host. It can also be,outboundrules,        ip_protocoltcpfrom_port443to_port443ip_ranges          ip_protocoltcpfrom_port650to_port678          ip_protocoltcpfrom_port443to_port500          ip_protocol icmpv4ip_ranges 1001000016         ip_protocol icmpv6         ip_protocol udpip_ranges fd00faceb00ccafe6420012005from_port 80to_port 90           outboundrules         ip_protocol udpip_ranges 10130011013005from_port 80to_port 90          ip_protocol tcp from_port 20 to_port 70 ip_ranges 19216864119216864101921686450100100012825          ip_protocol udp from_port 727 to_port 767 ip_ranges 1921682124,to send information to a network computer,To find the source if necessary
82,How do you use the `ip` command to assign an IP address to a network interface?,You can assign an IP address to a network interface using the `ip addr add [ip_address] dev [interface_name]` command.,The ip command is used to assign an IP address to a network interface. It is a command that is used to assign a IP address to a network interface. The command is a string that contains the,over the wireguard tunnel,        ipprotocol ipv4  proto         fromport   0             starting port range         toport     0             ending port range          ipranges are any v4 or v6 addresses supported types are the same as nftables such as          19216811 1921681024 192168110192168120           20030db800000000000000000000000020030db8ffffffffffffffffffffffff           20010db81337cafe64 fd00faceb00ccafe4 etc          essentially range xy cidr notation or individual addresses         ipranges   string       example default nftables table from the code above with comments inline all rules are applied only to the driver interface plaintext table inet nexodus   nftables table name     chain nexodusinbound   ingress chain name         type filter hook input priority filter policy accept  ingress chain policy,"For example, if you want to assign a new IP address on your network, you would type ip_ip at the start of the ""ip_account"" command.","After the user tries to select the network IP address, click on it (click on the red ignore] button beneath the link."
84,How do you bring a network interface up or down using the `ip` command?,You can bring a network interface up using the `ip link set [interface_name] up` command and down using the `ip link set [interface_name] down` command.,"To bring a network interface up or down using the ip command, you can use the following command: ip --> ip --> ip --> i",over the wireguard tunnel,        ipprotocol ipv4  proto         fromport   0             starting port range         toport     0             ending port range          ipranges are any v4 or v6 addresses supported types are the same as nftables such as          19216811 1921681024 192168110192168120           20030db800000000000000000000000020030db8ffffffffffffffffffffffff           20010db81337cafe64 fd00faceb00ccafe4 etc          essentially range xy cidr notation or individual addresses         ipranges   string       example default nftables table from the code above with comments inline all rules are applied only to the driver interface plaintext table inet nexodus   nftables table name     chain nexodusinbound   ingress chain name         type filter hook input priority filter policy accept  ingress chain policy,You can go to a specific IP address by using a proxy service like ipfreak or rst.py with your chkbo.py,Use an IP address.
86,How do you display the routing table using the `ip` command?,You can display the routing table using the `ip route show` command.,"The routing table can be displayed using the ip command. To display the routing table, type ip into the command prompt and press Enter. The routing table will be displayed.",ips should be reachable,        ipprotocol ipv4  proto         fromport   0             starting port range         toport     0             ending port range          ipranges are any v4 or v6 addresses supported types are the same as nftables such as          19216811 1921681024 192168110192168120           20030db800000000000000000000000020030db8ffffffffffffffffffffffff           20010db81337cafe64 fd00faceb00ccafe4 etc          essentially range xy cidr notation or individual addresses         ipranges   string       example default nftables table from the code above with comments inline all rules are applied only to the driver interface plaintext table inet nexodus   nftables table name     chain nexodusinbound   ingress chain name         type filter hook input priority filter policy accept  ingress chain policy,/home/config/split/unplug/config.exe,"The ip command allows you to access the routing table by placing the code point somewhere on a terminal, such as a desktop or a terminal."
87,How do you add a static route using the `ip` command?,You can add a static route using the `ip route add [destination_network] via [gateway_ip]` command.,"To add a static route using the ip command, you need to specify the IP address of the destination IP address. You can do this by using the ip command, or by using the i",childprefix flag of router subcommand, ip 6 route 2002 dev wg0 metric 1024 pref medium 20064 dev wg0 proto kernel metric 256 pref medium  you should now be able to reach that node over the wireguard tunnel sh  ping 10010002 ping 10010002 10010002 5684 bytes of data 64 bytes from 10010002 icmp_seq1 ttl64 time163 ms  ping 6 2002 ping 20022002 56 data bytes 64 bytes from 2002 icmp_seq1 ttl64 time116 ms  you can explore the web ui by visiting the url of the host you added in your etchosts file for example httpstrynexodus127001nipio cleanup agent from node if you want to remove the node from the network and want to clean up all the configuration done on the node fire away following commands ctrl  c cmdc the agent process and remove the wireguard interface and relevant configuration files linux shell sudo ip link del wg0 osxwindows,Log in to the PC while in the NIC. You will get a 'address.txt' from the user when log in. Click on the 'Add' button at the top of the screen.,"You can add an optional ip parameter. Once you log in, your route will not have the ip parameter."
91,How do you display neighbor objects (ARP table) using the `ip` command?,You can display neighbor objects (ARP table) using the `ip neigh show` command.,The ip command displays the neighbor objects (ARP table) by comparing the address of the object to the address of the current host.,direct tunnel,        ip_protocoltcpfrom_port443to_port443ip_ranges          ip_protocoltcpfrom_port650to_port678          ip_protocoltcpfrom_port443to_port500          ip_protocol icmpv4ip_ranges 1001000016         ip_protocol icmpv6         ip_protocol udpip_ranges fd00faceb00ccafe6420012005from_port 80to_port 90           outboundrules         ip_protocol udpip_ranges 10130011013005from_port 80to_port 90          ip_protocol tcp from_port 20 to_port 70 ip_ranges 19216864119216864101921686450100100012825          ip_protocol udp from_port 727 to_port 767 ip_ranges 1921682124,(this option is in the context menu).,Use the following :
92,How do you add an entry to the neighbor table (ARP table) using the `ip` command?,You can add an entry to the neighbor table using the `ip neigh add [ip_address] lladdr [mac_address] dev [interface_name]` command.,"To add an entry to the neighbor table (ARP table), you can use the ip command. To do this, type ip into the command prompt and press Enter. The ARP",once you allocate a prefix it is fixed in ipam,        ipprotocol ipv4  proto         fromport   0             starting port range         toport     0             ending port range          ipranges are any v4 or v6 addresses supported types are the same as nftables such as          19216811 1921681024 192168110192168120           20030db800000000000000000000000020030db8ffffffffffffffffffffffff           20010db81337cafe64 fd00faceb00ccafe4 etc          essentially range xy cidr notation or individual addresses         ipranges   string       example default nftables table from the code above with comments inline all rules are applied only to the driver interface plaintext table inet nexodus   nftables table name     chain nexodusinbound   ingress chain name         type filter hook input priority filter policy accept  ingress chain policy,Enter an entry name in the next field as %number% as %number.,"Go into the name field and make sure that ""neighbor"" is the name of the neighbor and ""neighbor"" is the name of your entire neighbor table. The next step is to add an entry"
